{
  "timestamp": "2025-05-26T21:18:17.121317",
  "model_path": "mri_cancer_model.h5",
  "total_samples": 80,
  "class_distribution": {
    "Healthy": 40,
    "Sick": 40
  },
  "confusion_matrix": {
    "true_negative": 24,
    "false_positive": 16,
    "false_negative": 30,
    "true_positive": 10
  },
  "per_class_metrics": {
    "Healthy": {
      "precision": 0.4444444444444444,
      "recall": 0.6,
      "f1_score": 0.5106382978723405,
      "support": 40
    },
    "Sick": {
      "precision": 0.38461538461538464,
      "recall": 0.25,
      "f1_score": 0.30303030303030304,
      "support": 40
    }
  },
  "overall_metrics": {
    "accuracy": 0.425,
    "precision_macro": 0.4145299145299145,
    "recall_macro": 0.425,
    "f1_macro": 0.40683430045132174,
    "precision_weighted": 0.41452991452991456,
    "recall_weighted": 0.425,
    "f1_weighted": 0.4068343004513217,
    "auc_score": 0.453125,
    "sensitivity": 0.25,
    "specificity": 0.6,
    "positive_predictive_value": 0.38461538461538464,
    "negative_predictive_value": 0.4444444444444444
  }
}